{"cameraMode":{"drawMode":0,"name":"Shaded","section":"Shading Mode"},"sceneLighting":false,"audioPlay":false,"sceneViewState":{"showFog":true,"showMaterialUpdate":false,"showSkybox":false,"showFlares":true,"showImageEffects":true,"showParticleSystems":true},"in2DMode":false,"pivot":{"x":1.4023780822753907,"y":26.83715057373047,"z":-4.088005065917969},"rotation":{"x":0.07823093235492706,"y":-0.008500502444803715,"z":0.0033650496043264868,"w":0.9971897006034851},"size":2.276494026184082,"orthographic":false}